{
    "bed_custom_texture": "C:\\\\Users\\\\Cody\\\\Pictures\\\\makerbot.png",
    "before_layer_change_gcode": ";BEFORE_LAYER_CHANGE\n;[layer_z]\n\n",
    "disable_m73": "1",
    "emit_machine_limits_to_gcode": "0",
    "from": "User",
    "gcode_flavor": "marlin2",
    "inherits": "MyMarlin 0.4 nozzle",
    "is_custom_defined": "0",
    "machine_end_gcode": "G1 E-0.3 F2100 ; retract\nG1{if max_layer_z < max_print_height} Z{z_offset+min(max_layer_z+30, max_print_height)}{endif} E-34.0 F720 ; move print head up & retract filament\nM104 S0 ; turn off temperature\nM140 S0 ; turn off heatbed\nM107 ; turn off fan",
    "machine_max_speed_e": [
        "40"
    ],
    "machine_start_gcode": "G0 Z1 F1000;\nM104 S[first_layer_temperature] ; set extruder temp\nM140 S[first_layer_bed_temperature] ; set bed temp\nG1 Y3.0 Z1 F1000 ; move print head up\nM109 S[first_layer_temperature] ; wait for extruder temp\nG1 E1.5 F2100 ; LittlePurge",
    "manual_filament_change": "1",
    "name": "MakerBot5th",
    "printable_area": [
        "-126x-99.5",
        "126x-99.5",
        "126x99.5",
        "-126x99.5"
    ],
    "printable_height": "148",
    "printer_settings_id": "MakerBot5th",
    "retract_when_changing_layer": [
        "0"
    ],
    "retraction_length": [
        "1"
    ],
    "retraction_speed": [
        "50"
    ],
    "thumbnails": [
        "55x40",
        "110x80",
        "320x200"
    ],
    "use_relative_e_distances": "0",
    "version": "1.8.0.0",
    "wipe": [
        "1"
    ]
}
